#ProteinID, NumberConcentration
1AO6-P1,0.0003053435115
2A73-P2,0.000006557377049
3GHG-P3,0.00001315789474
3K2S-P4,0.00002821428571
1HZH-P5,0.00007733333333
